<?xml version="1.0" encoding="UTF-8"?>
<project-private xmlns="http://www.netbeans.org/ns/project-private/1">
    <editor-bookmarks xmlns="http://www.netbeans.org/ns/editor-bookmarks/2" lastBookmarkId="0"/>
    <open-files xmlns="http://www.netbeans.org/ns/projectui-open-files/2">
        <group>
            <file>file:/C:/Users/Familia/Documents/NetBeansProjects/CRUDAPP2020IN5BV/web/index.jsp</file>
            <file>file:/C:/Users/Familia/Documents/NetBeansProjects/CRUDAPP2020IN5BV/src/java/configuration/Conexion.java</file>
            <file>file:/C:/Users/Familia/Documents/NetBeansProjects/CRUDAPP2020IN5BV/src/java/interfaces/CRUD.java</file>
            <file>file:/C:/Users/Familia/Documents/NetBeansProjects/CRUDAPP2020IN5BV/src/java/model/Persona.java</file>
            <file>file:/C:/Users/Familia/Documents/NetBeansProjects/CRUDAPP2020IN5BV/web/view/listar.jsp</file>
            <file>file:/C:/Users/Familia/Documents/NetBeansProjects/CRUDAPP2020IN5BV/src/java/modelDAO/PersonaDAO.java</file>
            <file>file:/C:/Users/Familia/Documents/NetBeansProjects/CRUDAPP2020IN5BV/web/view/edit.jsp</file>
            <file>file:/C:/Users/Familia/Documents/NetBeansProjects/CRUDAPP2020IN5BV/web/view/add.jsp</file>
            <file>file:/C:/Users/Familia/Documents/NetBeansProjects/CRUDAPP2020IN5BV/src/java/controller/Controlador.java</file>
        </group>
    </open-files>
</project-private>
